,url,questionNo,question,answer,Question Text,source
0,https://islamqa.info/en/answers/1/interruption-of-wudhu,1,                             Interruption of Wudhu                         ," Praise be to Allah.     Continuity would      not be disrupted by such an action (according to the most viable opinion)      even if his body had dried, because he was delayed due to an action required      for his purity. The same is true if he were to move from one faucet to      another in search of water.       However, if      continuity were disrupted due to an action not related to this, like      removing impurity from his clothes, eating or drinking and the like, and the      limbs became dry, then he needs to repeat the wudhu.      From the book What      Should You Do in the Following Situations .. ?      Fatawa ibn      Uthaimeen, 4/145-146 (Dar al-Qutni)       And Allah knows      best.  "," Praise be to Allah.     Continuity would      not be disrupted by such an action (according to the most viable opinion)      even if his body had dried, because he was delayed due to an action required      for his purity. The same is true if he were to move from one faucet to      another in search of water.       However, if      continuity were disrupted due to an action not related to this, like      removing impurity from his clothes, eating or drinking and the like, and the      limbs became dry, then he needs to repeat the wudhu.      From the book What      Should You Do in the Following Situations .. ?      Fatawa ibn      Uthaimeen, 4/145-146 (Dar al-Qutni)       And Allah knows      best.  ",                                        :                                                                            Shaykh Muhammed Salih Al-Munajjid                                    
1,https://islamqa.info/en/answers/1/interruption-of-wudhu,1,"<h1 class=""title is-4 is-size-5-touch"">
                            Interruption of Wudhu
                        </h1>","Praise be to Allah.    Continuity would     not be disrupted by such an action (according to the most viable opinion)     even if his body had dried, because he was delayed due to an action required     for his purity. The same is true if he were to move from one faucet to     another in search of water.     However, if     continuity were disrupted due to an action not related to this, like     removing impurity from his clothes, eating or drinking and the like, and the     limbs became dry, then he needs to repeat the wudhu.    From the book What     Should You Do in the Following Situations .. ?    Fatawa ibn     Uthaimeen, 4/145-146 (Dar al-Qutni)     And Allah knows     best. ","Praise be to Allah.    Continuity would     not be disrupted by such an action (according to the most viable opinion)     even if his body had dried, because he was delayed due to an action required     for his purity. The same is true if he were to move from one faucet to     another in search of water.     However, if     continuity were disrupted due to an action not related to this, like     removing impurity from his clothes, eating or drinking and the like, and the     limbs became dry, then he needs to repeat the wudhu.    From the book What     Should You Do in the Following Situations .. ?    Fatawa ibn     Uthaimeen, 4/145-146 (Dar al-Qutni)     And Allah knows     best. ",                                        :                                                                            Shaykh Muhammed Salih Al-Munajjid                                    
2,https://islamqa.info/en/answers/1/interruption-of-wudhu,1,"<h1 class=""title is-4 is-size-5-touch"">
                            Interruption of Wudhu
                        </h1>","Praise be to Allah.    Continuity would     not be disrupted by such an action (according to the most viable opinion)     even if his body had dried, because he was delayed due to an action required     for his purity. The same is true if he were to move from one faucet to     another in search of water.     However, if     continuity were disrupted due to an action not related to this, like     removing impurity from his clothes, eating or drinking and the like, and the     limbs became dry, then he needs to repeat the wudhu.    From the book What     Should You Do in the Following Situations .. ?    Fatawa ibn     Uthaimeen, 4/145-146 (Dar al-Qutni)     And Allah knows     best. ","Praise be to Allah.    Continuity would     not be disrupted by such an action (according to the most viable opinion)     even if his body had dried, because he was delayed due to an action required     for his purity. The same is true if he were to move from one faucet to     another in search of water.     However, if     continuity were disrupted due to an action not related to this, like     removing impurity from his clothes, eating or drinking and the like, and the     limbs became dry, then he needs to repeat the wudhu.    From the book What     Should You Do in the Following Situations .. ?    Fatawa ibn     Uthaimeen, 4/145-146 (Dar al-Qutni)     And Allah knows     best. ",                                        :                                                                            Shaykh Muhammed Salih Al-Munajjid                                    
3,https://islamqa.info/en/answers/1/interruption-of-wudhu,1,"<h1 class=""title is-4 is-size-5-touch"">
                            Interruption of Wudhu
                        </h1>","Praise be to Allah.    Continuity would     not be disrupted by such an action (according to the most viable opinion)     even if his body had dried, because he was delayed due to an action required     for his purity. The same is true if he were to move from one faucet to     another in search of water.     However, if     continuity were disrupted due to an action not related to this, like     removing impurity from his clothes, eating or drinking and the like, and the     limbs became dry, then he needs to repeat the wudhu.    From the book What     Should You Do in the Following Situations .. ?    Fatawa ibn     Uthaimeen, 4/145-146 (Dar al-Qutni)     And Allah knows     best. ","Praise be to Allah.    Continuity would     not be disrupted by such an action (according to the most viable opinion)     even if his body had dried, because he was delayed due to an action required     for his purity. The same is true if he were to move from one faucet to     another in search of water.     However, if     continuity were disrupted due to an action not related to this, like     removing impurity from his clothes, eating or drinking and the like, and the     limbs became dry, then he needs to repeat the wudhu.    From the book What     Should You Do in the Following Situations .. ?    Fatawa ibn     Uthaimeen, 4/145-146 (Dar al-Qutni)     And Allah knows     best. ",                                        :                                                                            Shaykh Muhammed Salih Al-Munajjid                                    
4,https://islamqa.info/en/answers/1/interruption-of-wudhu,1,"<h1 class=""title is-4 is-size-5-touch"">
                            Interruption of Wudhu
                        </h1>","Praise be to Allah.    Continuity would     not be disrupted by such an action (according to the most viable opinion)     even if his body had dried, because he was delayed due to an action required     for his purity. The same is true if he were to move from one faucet to     another in search of water.     However, if     continuity were disrupted due to an action not related to this, like     removing impurity from his clothes, eating or drinking and the like, and the     limbs became dry, then he needs to repeat the wudhu.    From the book What     Should You Do in the Following Situations .. ?    Fatawa ibn     Uthaimeen, 4/145-146 (Dar al-Qutni)     And Allah knows     best. ","Praise be to Allah.    Continuity would     not be disrupted by such an action (according to the most viable opinion)     even if his body had dried, because he was delayed due to an action required     for his purity. The same is true if he were to move from one faucet to     another in search of water.     However, if     continuity were disrupted due to an action not related to this, like     removing impurity from his clothes, eating or drinking and the like, and the     limbs became dry, then he needs to repeat the wudhu.    From the book What     Should You Do in the Following Situations .. ?    Fatawa ibn     Uthaimeen, 4/145-146 (Dar al-Qutni)     And Allah knows     best. ",                                        :                                                                            Shaykh Muhammed Salih Al-Munajjid                                    
5,https://islamqa.info/en/answers/1/interruption-of-wudhu,1,"<h1 class=""title is-4 is-size-5-touch"">
                            Interruption of Wudhu
                        </h1>","Praise be to Allah.    Continuity would     not be disrupted by such an action (according to the most viable opinion)     even if his body had dried, because he was delayed due to an action required     for his purity. The same is true if he were to move from one faucet to     another in search of water.     However, if     continuity were disrupted due to an action not related to this, like     removing impurity from his clothes, eating or drinking and the like, and the     limbs became dry, then he needs to repeat the wudhu.    From the book What     Should You Do in the Following Situations .. ?    Fatawa ibn     Uthaimeen, 4/145-146 (Dar al-Qutni)     And Allah knows     best. ","Praise be to Allah.    Continuity would     not be disrupted by such an action (according to the most viable opinion)     even if his body had dried, because he was delayed due to an action required     for his purity. The same is true if he were to move from one faucet to     another in search of water.     However, if     continuity were disrupted due to an action not related to this, like     removing impurity from his clothes, eating or drinking and the like, and the     limbs became dry, then he needs to repeat the wudhu.    From the book What     Should You Do in the Following Situations .. ?    Fatawa ibn     Uthaimeen, 4/145-146 (Dar al-Qutni)     And Allah knows     best. ",                                        :                                                                            Shaykh Muhammed Salih Al-Munajjid                                    
6,https://islamqa.info/en/answers/1/interruption-of-wudhu,1,"<h1 class=""title is-4 is-size-5-touch"">
                            Interruption of Wudhu
                        </h1>","Praise be to Allah.    Continuity would     not be disrupted by such an action (according to the most viable opinion)     even if his body had dried, because he was delayed due to an action required     for his purity. The same is true if he were to move from one faucet to     another in search of water.     However, if     continuity were disrupted due to an action not related to this, like     removing impurity from his clothes, eating or drinking and the like, and the     limbs became dry, then he needs to repeat the wudhu.    From the book What     Should You Do in the Following Situations .. ?    Fatawa ibn     Uthaimeen, 4/145-146 (Dar al-Qutni)     And Allah knows     best. ","Praise be to Allah.    Continuity would     not be disrupted by such an action (according to the most viable opinion)     even if his body had dried, because he was delayed due to an action required     for his purity. The same is true if he were to move from one faucet to     another in search of water.     However, if     continuity were disrupted due to an action not related to this, like     removing impurity from his clothes, eating or drinking and the like, and the     limbs became dry, then he needs to repeat the wudhu.    From the book What     Should You Do in the Following Situations .. ?    Fatawa ibn     Uthaimeen, 4/145-146 (Dar al-Qutni)     And Allah knows     best. ",                                        :                                                                            Shaykh Muhammed Salih Al-Munajjid                                    
7,https://islamqa.info/en/answers/1/interruption-of-wudhu,1,"<h1 class=""title is-4 is-size-5-touch"">
                            Interruption of Wudhu
                        </h1>","Praise be to Allah.    Continuity would     not be disrupted by such an action (according to the most viable opinion)     even if his body had dried, because he was delayed due to an action required     for his purity. The same is true if he were to move from one faucet to     another in search of water.     However, if     continuity were disrupted due to an action not related to this, like     removing impurity from his clothes, eating or drinking and the like, and the     limbs became dry, then he needs to repeat the wudhu.    From the book What     Should You Do in the Following Situations .. ?    Fatawa ibn     Uthaimeen, 4/145-146 (Dar al-Qutni)     And Allah knows     best. ","Praise be to Allah.    Continuity would     not be disrupted by such an action (according to the most viable opinion)     even if his body had dried, because he was delayed due to an action required     for his purity. The same is true if he were to move from one faucet to     another in search of water.     However, if     continuity were disrupted due to an action not related to this, like     removing impurity from his clothes, eating or drinking and the like, and the     limbs became dry, then he needs to repeat the wudhu.    From the book What     Should You Do in the Following Situations .. ?    Fatawa ibn     Uthaimeen, 4/145-146 (Dar al-Qutni)     And Allah knows     best. ",                                        :                                                                            Shaykh Muhammed Salih Al-Munajjid                                    
8,https://islamqa.info/en/answers/1/interruption-of-wudhu,1,"<h1 class=""title is-4 is-size-5-touch"">
                            Interruption of Wudhu
                        </h1>","Praise be to Allah.    Continuity would     not be disrupted by such an action (according to the most viable opinion)     even if his body had dried, because he was delayed due to an action required     for his purity. The same is true if he were to move from one faucet to     another in search of water.     However, if     continuity were disrupted due to an action not related to this, like     removing impurity from his clothes, eating or drinking and the like, and the     limbs became dry, then he needs to repeat the wudhu.    From the book What     Should You Do in the Following Situations .. ?    Fatawa ibn     Uthaimeen, 4/145-146 (Dar al-Qutni)     And Allah knows     best. ","Praise be to Allah.    Continuity would     not be disrupted by such an action (according to the most viable opinion)     even if his body had dried, because he was delayed due to an action required     for his purity. The same is true if he were to move from one faucet to     another in search of water.     However, if     continuity were disrupted due to an action not related to this, like     removing impurity from his clothes, eating or drinking and the like, and the     limbs became dry, then he needs to repeat the wudhu.    From the book What     Should You Do in the Following Situations .. ?    Fatawa ibn     Uthaimeen, 4/145-146 (Dar al-Qutni)     And Allah knows     best. ",                                        :                                                                            Shaykh Muhammed Salih Al-Munajjid                                    
9,https://islamqa.info/en/answers/1/interruption-of-wudhu,1,"<h1 class=""title is-4 is-size-5-touch"">
                            Interruption of Wudhu
                        </h1>","Praise be to Allah.    Continuity would     not be disrupted by such an action (according to the most viable opinion)     even if his body had dried, because he was delayed due to an action required     for his purity. The same is true if he were to move from one faucet to     another in search of water.     However, if     continuity were disrupted due to an action not related to this, like     removing impurity from his clothes, eating or drinking and the like, and the     limbs became dry, then he needs to repeat the wudhu.    From the book What     Should You Do in the Following Situations .. ?    Fatawa ibn     Uthaimeen, 4/145-146 (Dar al-Qutni)     And Allah knows     best. ","Praise be to Allah.    Continuity would     not be disrupted by such an action (according to the most viable opinion)     even if his body had dried, because he was delayed due to an action required     for his purity. The same is true if he were to move from one faucet to     another in search of water.     However, if     continuity were disrupted due to an action not related to this, like     removing impurity from his clothes, eating or drinking and the like, and the     limbs became dry, then he needs to repeat the wudhu.    From the book What     Should You Do in the Following Situations .. ?    Fatawa ibn     Uthaimeen, 4/145-146 (Dar al-Qutni)     And Allah knows     best. ",                                        :                                                                            Shaykh Muhammed Salih Al-Munajjid                                    
10,https://islamqa.info/en/answers/1/interruption-of-wudhu,1,"<h1 class=""title is-4 is-size-5-touch"">
                            Interruption of Wudhu
                        </h1>","Praise be to Allah.    Continuity would     not be disrupted by such an action (according to the most viable opinion)     even if his body had dried, because he was delayed due to an action required     for his purity. The same is true if he were to move from one faucet to     another in search of water.     However, if     continuity were disrupted due to an action not related to this, like     removing impurity from his clothes, eating or drinking and the like, and the     limbs became dry, then he needs to repeat the wudhu.    From the book What     Should You Do in the Following Situations .. ?    Fatawa ibn     Uthaimeen, 4/145-146 (Dar al-Qutni)     And Allah knows     best. ","Praise be to Allah.    Continuity would     not be disrupted by such an action (according to the most viable opinion)     even if his body had dried, because he was delayed due to an action required     for his purity. The same is true if he were to move from one faucet to     another in search of water.     However, if     continuity were disrupted due to an action not related to this, like     removing impurity from his clothes, eating or drinking and the like, and the     limbs became dry, then he needs to repeat the wudhu.    From the book What     Should You Do in the Following Situations .. ?    Fatawa ibn     Uthaimeen, 4/145-146 (Dar al-Qutni)     And Allah knows     best. ",                                        :                                                                            Shaykh Muhammed Salih Al-Munajjid                                    
11,https://islamqa.info/en/answers/1/interruption-of-wudhu,1,"<h1 class=""title is-4 is-size-5-touch"">
                            Interruption of Wudhu
                        </h1>","Praise be to Allah.    Continuity would     not be disrupted by such an action (according to the most viable opinion)     even if his body had dried, because he was delayed due to an action required     for his purity. The same is true if he were to move from one faucet to     another in search of water.     However, if     continuity were disrupted due to an action not related to this, like     removing impurity from his clothes, eating or drinking and the like, and the     limbs became dry, then he needs to repeat the wudhu.    From the book What     Should You Do in the Following Situations .. ?    Fatawa ibn     Uthaimeen, 4/145-146 (Dar al-Qutni)     And Allah knows     best. ","Praise be to Allah.    Continuity would     not be disrupted by such an action (according to the most viable opinion)     even if his body had dried, because he was delayed due to an action required     for his purity. The same is true if he were to move from one faucet to     another in search of water.     However, if     continuity were disrupted due to an action not related to this, like     removing impurity from his clothes, eating or drinking and the like, and the     limbs became dry, then he needs to repeat the wudhu.    From the book What     Should You Do in the Following Situations .. ?    Fatawa ibn     Uthaimeen, 4/145-146 (Dar al-Qutni)     And Allah knows     best. ",                                        :                                                                            Shaykh Muhammed Salih Al-Munajjid                                    
12,https://islamqa.info/en/answers/1/interruption-of-wudhu,1,"<h1 class=""title is-4 is-size-5-touch"">
                            Interruption of Wudhu
                        </h1>","Praise be to Allah.    Continuity would     not be disrupted by such an action (according to the most viable opinion)     even if his body had dried, because he was delayed due to an action required     for his purity. The same is true if he were to move from one faucet to     another in search of water.     However, if     continuity were disrupted due to an action not related to this, like     removing impurity from his clothes, eating or drinking and the like, and the     limbs became dry, then he needs to repeat the wudhu.    From the book What     Should You Do in the Following Situations .. ?    Fatawa ibn     Uthaimeen, 4/145-146 (Dar al-Qutni)     And Allah knows     best. ","Praise be to Allah.    Continuity would     not be disrupted by such an action (according to the most viable opinion)     even if his body had dried, because he was delayed due to an action required     for his purity. The same is true if he were to move from one faucet to     another in search of water.     However, if     continuity were disrupted due to an action not related to this, like     removing impurity from his clothes, eating or drinking and the like, and the     limbs became dry, then he needs to repeat the wudhu.    From the book What     Should You Do in the Following Situations .. ?    Fatawa ibn     Uthaimeen, 4/145-146 (Dar al-Qutni)     And Allah knows     best. ",                                        :                                                                            Shaykh Muhammed Salih Al-Munajjid                                    
13,https://islamqa.info/en/answers/1/interruption-of-wudhu,1,"<h1 class=""title is-4 is-size-5-touch"">
                            Interruption of Wudhu
                        </h1>","Praise be to Allah.    Continuity would     not be disrupted by such an action (according to the most viable opinion)     even if his body had dried, because he was delayed due to an action required     for his purity. The same is true if he were to move from one faucet to     another in search of water.     However, if     continuity were disrupted due to an action not related to this, like     removing impurity from his clothes, eating or drinking and the like, and the     limbs became dry, then he needs to repeat the wudhu.    From the book What     Should You Do in the Following Situations .. ?    Fatawa ibn     Uthaimeen, 4/145-146 (Dar al-Qutni)     And Allah knows     best. ","Praise be to Allah.    Continuity would     not be disrupted by such an action (according to the most viable opinion)     even if his body had dried, because he was delayed due to an action required     for his purity. The same is true if he were to move from one faucet to     another in search of water.     However, if     continuity were disrupted due to an action not related to this, like     removing impurity from his clothes, eating or drinking and the like, and the     limbs became dry, then he needs to repeat the wudhu.    From the book What     Should You Do in the Following Situations .. ?    Fatawa ibn     Uthaimeen, 4/145-146 (Dar al-Qutni)     And Allah knows     best. ",                                        :                                                                            Shaykh Muhammed Salih Al-Munajjid                                    
14,https://islamqa.info/en/answers/1/interruption-of-wudhu,1,"<h1 class=""title is-4 is-size-5-touch"">
                            Interruption of Wudhu
                        </h1>","Praise be to Allah.    Continuity would     not be disrupted by such an action (according to the most viable opinion)     even if his body had dried, because he was delayed due to an action required     for his purity. The same is true if he were to move from one faucet to     another in search of water.     However, if     continuity were disrupted due to an action not related to this, like     removing impurity from his clothes, eating or drinking and the like, and the     limbs became dry, then he needs to repeat the wudhu.    From the book What     Should You Do in the Following Situations .. ?    Fatawa ibn     Uthaimeen, 4/145-146 (Dar al-Qutni)     And Allah knows     best. ","Praise be to Allah.    Continuity would     not be disrupted by such an action (according to the most viable opinion)     even if his body had dried, because he was delayed due to an action required     for his purity. The same is true if he were to move from one faucet to     another in search of water.     However, if     continuity were disrupted due to an action not related to this, like     removing impurity from his clothes, eating or drinking and the like, and the     limbs became dry, then he needs to repeat the wudhu.    From the book What     Should You Do in the Following Situations .. ?    Fatawa ibn     Uthaimeen, 4/145-146 (Dar al-Qutni)     And Allah knows     best. ",                                        :                                                                            Shaykh Muhammed Salih Al-Munajjid                                    
15,https://islamqa.info/en/answers/1/interruption-of-wudhu,1,"<h1 class=""title is-4 is-size-5-touch"">
                            Interruption of Wudhu
                        </h1>","Praise be to Allah.    Continuity would     not be disrupted by such an action (according to the most viable opinion)     even if his body had dried, because he was delayed due to an action required     for his purity. The same is true if he were to move from one faucet to     another in search of water.     However, if     continuity were disrupted due to an action not related to this, like     removing impurity from his clothes, eating or drinking and the like, and the     limbs became dry, then he needs to repeat the wudhu.    From the book What     Should You Do in the Following Situations .. ?    Fatawa ibn     Uthaimeen, 4/145-146 (Dar al-Qutni)     And Allah knows     best. ","Praise be to Allah.    Continuity would     not be disrupted by such an action (according to the most viable opinion)     even if his body had dried, because he was delayed due to an action required     for his purity. The same is true if he were to move from one faucet to     another in search of water.     However, if     continuity were disrupted due to an action not related to this, like     removing impurity from his clothes, eating or drinking and the like, and the     limbs became dry, then he needs to repeat the wudhu.    From the book What     Should You Do in the Following Situations .. ?    Fatawa ibn     Uthaimeen, 4/145-146 (Dar al-Qutni)     And Allah knows     best. ",                                        :                                                                            Shaykh Muhammed Salih Al-Munajjid                                    
16,https://islamqa.info/en/answers/1/interruption-of-wudhu,1,"<h1 class=""title is-4 is-size-5-touch"">
                            Interruption of Wudhu
                        </h1>","Praise be to Allah.    Continuity would     not be disrupted by such an action (according to the most viable opinion)     even if his body had dried, because he was delayed due to an action required     for his purity. The same is true if he were to move from one faucet to     another in search of water.     However, if     continuity were disrupted due to an action not related to this, like     removing impurity from his clothes, eating or drinking and the like, and the     limbs became dry, then he needs to repeat the wudhu.    From the book What     Should You Do in the Following Situations .. ?    Fatawa ibn     Uthaimeen, 4/145-146 (Dar al-Qutni)     And Allah knows     best. ","Praise be to Allah.    Continuity would     not be disrupted by such an action (according to the most viable opinion)     even if his body had dried, because he was delayed due to an action required     for his purity. The same is true if he were to move from one faucet to     another in search of water.     However, if     continuity were disrupted due to an action not related to this, like     removing impurity from his clothes, eating or drinking and the like, and the     limbs became dry, then he needs to repeat the wudhu.    From the book What     Should You Do in the Following Situations .. ?    Fatawa ibn     Uthaimeen, 4/145-146 (Dar al-Qutni)     And Allah knows     best. ",                                        :                                                                            Shaykh Muhammed Salih Al-Munajjid                                    
17,https://islamqa.info/en/answers/1/interruption-of-wudhu,1,"<h1 class=""title is-4 is-size-5-touch"">
                            Interruption of Wudhu
                        </h1>","Praise be to Allah.    Continuity would     not be disrupted by such an action (according to the most viable opinion)     even if his body had dried, because he was delayed due to an action required     for his purity. The same is true if he were to move from one faucet to     another in search of water.     However, if     continuity were disrupted due to an action not related to this, like     removing impurity from his clothes, eating or drinking and the like, and the     limbs became dry, then he needs to repeat the wudhu.    From the book What     Should You Do in the Following Situations .. ?    Fatawa ibn     Uthaimeen, 4/145-146 (Dar al-Qutni)     And Allah knows     best. ","Praise be to Allah.    Continuity would     not be disrupted by such an action (according to the most viable opinion)     even if his body had dried, because he was delayed due to an action required     for his purity. The same is true if he were to move from one faucet to     another in search of water.     However, if     continuity were disrupted due to an action not related to this, like     removing impurity from his clothes, eating or drinking and the like, and the     limbs became dry, then he needs to repeat the wudhu.    From the book What     Should You Do in the Following Situations .. ?    Fatawa ibn     Uthaimeen, 4/145-146 (Dar al-Qutni)     And Allah knows     best. ",                                        :                                                                            Shaykh Muhammed Salih Al-Munajjid                                    
18,https://islamqa.info/en/answers/1/interruption-of-wudhu,1,"<h1 class=""title is-4 is-size-5-touch"">
                            Interruption of Wudhu
                        </h1>","Praise be to Allah.    Continuity would     not be disrupted by such an action (according to the most viable opinion)     even if his body had dried, because he was delayed due to an action required     for his purity. The same is true if he were to move from one faucet to     another in search of water.     However, if     continuity were disrupted due to an action not related to this, like     removing impurity from his clothes, eating or drinking and the like, and the     limbs became dry, then he needs to repeat the wudhu.    From the book What     Should You Do in the Following Situations .. ?    Fatawa ibn     Uthaimeen, 4/145-146 (Dar al-Qutni)     And Allah knows     best. ","Praise be to Allah.    Continuity would     not be disrupted by such an action (according to the most viable opinion)     even if his body had dried, because he was delayed due to an action required     for his purity. The same is true if he were to move from one faucet to     another in search of water.     However, if     continuity were disrupted due to an action not related to this, like     removing impurity from his clothes, eating or drinking and the like, and the     limbs became dry, then he needs to repeat the wudhu.    From the book What     Should You Do in the Following Situations .. ?    Fatawa ibn     Uthaimeen, 4/145-146 (Dar al-Qutni)     And Allah knows     best. ",                                        :                                                                            Shaykh Muhammed Salih Al-Munajjid                                    
19,https://islamqa.info/en/answers/1/interruption-of-wudhu,1,"<h1 class=""title is-4 is-size-5-touch"">
                            Interruption of Wudhu
                        </h1>","Praise be to Allah.    Continuity would     not be disrupted by such an action (according to the most viable opinion)     even if his body had dried, because he was delayed due to an action required     for his purity. The same is true if he were to move from one faucet to     another in search of water.     However, if     continuity were disrupted due to an action not related to this, like     removing impurity from his clothes, eating or drinking and the like, and the     limbs became dry, then he needs to repeat the wudhu.    From the book What     Should You Do in the Following Situations .. ?    Fatawa ibn     Uthaimeen, 4/145-146 (Dar al-Qutni)     And Allah knows     best. ","Praise be to Allah.    Continuity would     not be disrupted by such an action (according to the most viable opinion)     even if his body had dried, because he was delayed due to an action required     for his purity. The same is true if he were to move from one faucet to     another in search of water.     However, if     continuity were disrupted due to an action not related to this, like     removing impurity from his clothes, eating or drinking and the like, and the     limbs became dry, then he needs to repeat the wudhu.    From the book What     Should You Do in the Following Situations .. ?    Fatawa ibn     Uthaimeen, 4/145-146 (Dar al-Qutni)     And Allah knows     best. ",                                        :                                                                            Shaykh Muhammed Salih Al-Munajjid                                    
20,https://islamqa.info/en/answers/1/interruption-of-wudhu,1,"<h1 class=""title is-4 is-size-5-touch"">
                            Interruption of Wudhu
                        </h1>","Praise be to Allah.    Continuity would     not be disrupted by such an action (according to the most viable opinion)     even if his body had dried, because he was delayed due to an action required     for his purity. The same is true if he were to move from one faucet to     another in search of water.     However, if     continuity were disrupted due to an action not related to this, like     removing impurity from his clothes, eating or drinking and the like, and the     limbs became dry, then he needs to repeat the wudhu.    From the book What     Should You Do in the Following Situations .. ?    Fatawa ibn     Uthaimeen, 4/145-146 (Dar al-Qutni)     And Allah knows     best. ","Praise be to Allah.    Continuity would     not be disrupted by such an action (according to the most viable opinion)     even if his body had dried, because he was delayed due to an action required     for his purity. The same is true if he were to move from one faucet to     another in search of water.     However, if     continuity were disrupted due to an action not related to this, like     removing impurity from his clothes, eating or drinking and the like, and the     limbs became dry, then he needs to repeat the wudhu.    From the book What     Should You Do in the Following Situations .. ?    Fatawa ibn     Uthaimeen, 4/145-146 (Dar al-Qutni)     And Allah knows     best. ",                                        :                                                                            Shaykh Muhammed Salih Al-Munajjid                                    
21,https://islamqa.info/en/answers/1/interruption-of-wudhu,1,"<h1 class=""title is-4 is-size-5-touch"">
                            Interruption of Wudhu
                        </h1>","Praise be to Allah.    Continuity would     not be disrupted by such an action (according to the most viable opinion)     even if his body had dried, because he was delayed due to an action required     for his purity. The same is true if he were to move from one faucet to     another in search of water.     However, if     continuity were disrupted due to an action not related to this, like     removing impurity from his clothes, eating or drinking and the like, and the     limbs became dry, then he needs to repeat the wudhu.    From the book What     Should You Do in the Following Situations .. ?    Fatawa ibn     Uthaimeen, 4/145-146 (Dar al-Qutni)     And Allah knows     best. ","Praise be to Allah.    Continuity would     not be disrupted by such an action (according to the most viable opinion)     even if his body had dried, because he was delayed due to an action required     for his purity. The same is true if he were to move from one faucet to     another in search of water.     However, if     continuity were disrupted due to an action not related to this, like     removing impurity from his clothes, eating or drinking and the like, and the     limbs became dry, then he needs to repeat the wudhu.    From the book What     Should You Do in the Following Situations .. ?    Fatawa ibn     Uthaimeen, 4/145-146 (Dar al-Qutni)     And Allah knows     best. ",                                        :                                                                            Shaykh Muhammed Salih Al-Munajjid                                    
22,https://islamqa.info/en/answers/1/interruption-of-wudhu,1,"<h1 class=""title is-4 is-size-5-touch"">
                            Interruption of Wudhu
                        </h1>","Praise be to Allah.    Continuity would     not be disrupted by such an action (according to the most viable opinion)     even if his body had dried, because he was delayed due to an action required     for his purity. The same is true if he were to move from one faucet to     another in search of water.     However, if     continuity were disrupted due to an action not related to this, like     removing impurity from his clothes, eating or drinking and the like, and the     limbs became dry, then he needs to repeat the wudhu.    From the book What     Should You Do in the Following Situations .. ?    Fatawa ibn     Uthaimeen, 4/145-146 (Dar al-Qutni)     And Allah knows     best. ","Praise be to Allah.    Continuity would     not be disrupted by such an action (according to the most viable opinion)     even if his body had dried, because he was delayed due to an action required     for his purity. The same is true if he were to move from one faucet to     another in search of water.     However, if     continuity were disrupted due to an action not related to this, like     removing impurity from his clothes, eating or drinking and the like, and the     limbs became dry, then he needs to repeat the wudhu.    From the book What     Should You Do in the Following Situations .. ?    Fatawa ibn     Uthaimeen, 4/145-146 (Dar al-Qutni)     And Allah knows     best. ",                                        :                                                                            Shaykh Muhammed Salih Al-Munajjid                                    
23,https://islamqa.info/en/answers/1/interruption-of-wudhu,1,"<h1 class=""title is-4 is-size-5-touch"">
                            Interruption of Wudhu
                        </h1>","Praise be to Allah.    Continuity would     not be disrupted by such an action (according to the most viable opinion)     even if his body had dried, because he was delayed due to an action required     for his purity. The same is true if he were to move from one faucet to     another in search of water.     However, if     continuity were disrupted due to an action not related to this, like     removing impurity from his clothes, eating or drinking and the like, and the     limbs became dry, then he needs to repeat the wudhu.    From the book What     Should You Do in the Following Situations .. ?    Fatawa ibn     Uthaimeen, 4/145-146 (Dar al-Qutni)     And Allah knows     best. ","Praise be to Allah.    Continuity would     not be disrupted by such an action (according to the most viable opinion)     even if his body had dried, because he was delayed due to an action required     for his purity. The same is true if he were to move from one faucet to     another in search of water.     However, if     continuity were disrupted due to an action not related to this, like     removing impurity from his clothes, eating or drinking and the like, and the     limbs became dry, then he needs to repeat the wudhu.    From the book What     Should You Do in the Following Situations .. ?    Fatawa ibn     Uthaimeen, 4/145-146 (Dar al-Qutni)     And Allah knows     best. ",                                        :                                                                            Shaykh Muhammed Salih Al-Munajjid                                    
24,https://islamqa.info/en/answers/1/interruption-of-wudhu,1,"<h1 class=""title is-4 is-size-5-touch"">
                            Interruption of Wudhu
                        </h1>","Praise be to Allah.    Continuity would     not be disrupted by such an action (according to the most viable opinion)     even if his body had dried, because he was delayed due to an action required     for his purity. The same is true if he were to move from one faucet to     another in search of water.     However, if     continuity were disrupted due to an action not related to this, like     removing impurity from his clothes, eating or drinking and the like, and the     limbs became dry, then he needs to repeat the wudhu.    From the book What     Should You Do in the Following Situations .. ?    Fatawa ibn     Uthaimeen, 4/145-146 (Dar al-Qutni)     And Allah knows     best. ","Praise be to Allah.    Continuity would     not be disrupted by such an action (according to the most viable opinion)     even if his body had dried, because he was delayed due to an action required     for his purity. The same is true if he were to move from one faucet to     another in search of water.     However, if     continuity were disrupted due to an action not related to this, like     removing impurity from his clothes, eating or drinking and the like, and the     limbs became dry, then he needs to repeat the wudhu.    From the book What     Should You Do in the Following Situations .. ?    Fatawa ibn     Uthaimeen, 4/145-146 (Dar al-Qutni)     And Allah knows     best. ",                                        :                                                                            Shaykh Muhammed Salih Al-Munajjid                                    
25,https://islamqa.info/en/answers/1/interruption-of-wudhu,1,"<h1 class=""title is-4 is-size-5-touch"">
                            Interruption of Wudhu
                        </h1>","Praise be to Allah.    Continuity would     not be disrupted by such an action (according to the most viable opinion)     even if his body had dried, because he was delayed due to an action required     for his purity. The same is true if he were to move from one faucet to     another in search of water.     However, if     continuity were disrupted due to an action not related to this, like     removing impurity from his clothes, eating or drinking and the like, and the     limbs became dry, then he needs to repeat the wudhu.    From the book What     Should You Do in the Following Situations .. ?    Fatawa ibn     Uthaimeen, 4/145-146 (Dar al-Qutni)     And Allah knows     best. ","Praise be to Allah.    Continuity would     not be disrupted by such an action (according to the most viable opinion)     even if his body had dried, because he was delayed due to an action required     for his purity. The same is true if he were to move from one faucet to     another in search of water.     However, if     continuity were disrupted due to an action not related to this, like     removing impurity from his clothes, eating or drinking and the like, and the     limbs became dry, then he needs to repeat the wudhu.    From the book What     Should You Do in the Following Situations .. ?    Fatawa ibn     Uthaimeen, 4/145-146 (Dar al-Qutni)     And Allah knows     best. ",                                        :                                                                            Shaykh Muhammed Salih Al-Munajjid                                    
26,https://islamqa.info/en/answers/1/interruption-of-wudhu,1,"<h1 class=""title is-4 is-size-5-touch"">
                            Interruption of Wudhu
                        </h1>","Praise be to Allah.    Continuity would     not be disrupted by such an action (according to the most viable opinion)     even if his body had dried, because he was delayed due to an action required     for his purity. The same is true if he were to move from one faucet to     another in search of water.     However, if     continuity were disrupted due to an action not related to this, like     removing impurity from his clothes, eating or drinking and the like, and the     limbs became dry, then he needs to repeat the wudhu.    From the book What     Should You Do in the Following Situations .. ?    Fatawa ibn     Uthaimeen, 4/145-146 (Dar al-Qutni)     And Allah knows     best. ","Praise be to Allah.    Continuity would     not be disrupted by such an action (according to the most viable opinion)     even if his body had dried, because he was delayed due to an action required     for his purity. The same is true if he were to move from one faucet to     another in search of water.     However, if     continuity were disrupted due to an action not related to this, like     removing impurity from his clothes, eating or drinking and the like, and the     limbs became dry, then he needs to repeat the wudhu.    From the book What     Should You Do in the Following Situations .. ?    Fatawa ibn     Uthaimeen, 4/145-146 (Dar al-Qutni)     And Allah knows     best. ",                                        :                                                                            Shaykh Muhammed Salih Al-Munajjid                                    
27,https://islamqa.info/en/answers/1/interruption-of-wudhu,1,"<h1 class=""title is-4 is-size-5-touch"">
                            Interruption of Wudhu
                        </h1>","Praise be to Allah.    Continuity would     not be disrupted by such an action (according to the most viable opinion)     even if his body had dried, because he was delayed due to an action required     for his purity. The same is true if he were to move from one faucet to     another in search of water.     However, if     continuity were disrupted due to an action not related to this, like     removing impurity from his clothes, eating or drinking and the like, and the     limbs became dry, then he needs to repeat the wudhu.    From the book What     Should You Do in the Following Situations .. ?    Fatawa ibn     Uthaimeen, 4/145-146 (Dar al-Qutni)     And Allah knows     best. ","Praise be to Allah.    Continuity would     not be disrupted by such an action (according to the most viable opinion)     even if his body had dried, because he was delayed due to an action required     for his purity. The same is true if he were to move from one faucet to     another in search of water.     However, if     continuity were disrupted due to an action not related to this, like     removing impurity from his clothes, eating or drinking and the like, and the     limbs became dry, then he needs to repeat the wudhu.    From the book What     Should You Do in the Following Situations .. ?    Fatawa ibn     Uthaimeen, 4/145-146 (Dar al-Qutni)     And Allah knows     best. ",                                        :                                                                            Shaykh Muhammed Salih Al-Munajjid                                    
